,fr-CA,ru-RU,uk-UA,nl-BE,en-US,pt-PT,de-DE,gr-GR,nl-NL
,Français (CA),Русский (RU),Українська (UA),Nederlands (BE),English (US),Português (PT),Deutsch (DE),Ελληνικά (GR),Nederlands (NL)
analysis.warnings.pcap.truncated,Tronqué,Усеченный,Усічений,Afgeknot,Truncated,Truncado,Gekürzt,Μη ολοκληρωμένο,Afgebroken
analysis.errors.missing_information,Erreur interne: information manquante,Внутренняя ошибка: Информация отсутствует,Внутрішня помилка: Інформація відсутня,Fout: informatie ontbreekt,Internal error: information is missing,Erro interno: falta informação,Interner Fehler: Fehlende Informationen,Εσωτερικό σφάλμα: λείπουν πληροφορίες,Fout: informatie ontbreekt
analysis.errors.invalid_rtp_ts_vs_nt,Delta entre le marqueur de temps RTP et le N x Tframe non valide,Недействительная дельта между меткой времени RTP и N x Tframe,Недійсна дельта між міткою часу RTP та N x Tframe,Invalid delta between RTP timestamp and N x Tframe,Invalid delta between RTP timestamp and N x Tframe,Delta entre o timestamp RTP e o valor de N x Tframe inválido,Ungültiges delta zwischen RTP timestamp und N x Tframe,Μη έγκυρα δ ιαφορά μεταξύ της χρονικής σήμανσης RTP και του N x Tframe,Ongeldig verschil tussen RTP timestamp en N x Tframe
analysis.errors.invalid_rtp_pkts_per_frame,Nombre de paquets par image/champ invalid,Неверное количество пакетов на кадр / поле,Недійсна кількість пакетів на кадр / поле,Invalid number of packets per frame/field,Invalid number of packets per frame/field,Número inválido de pacotes por quadro / campo,Ungültige Anzahl von Paketen pro Frame / Feld,Μη έγκυρος αριθμός πακέτων ανά πλαίσιο / πεδίο,Ongeldig aantal packets per frame/field
analysis.errors.invalid_delta_packet_ts_vs_rtp_ts,Delta entre les TS de Paquet et TS RTP non valide,*** invalid_delta_packet_ts_vs_rtp_ts ***,*** invalid_delta_packet_ts_vs_rtp_ts ***,*** invalid_delta_packet_ts_vs_rtp_ts ***,Invalid delta between Packet TS and RTP TS,Delta entre o TS do pacote e o RTP TS inválido,*** invalid_delta_packet_ts_vs_rtp_ts ***,*** invalid_delta_packet_ts_vs_rtp_ts ***,Ongeldig verschil tussen het packet TS aen het RTP TS
analysis.errors.invalid_inter_frame_rtp_ts_delta,*** invalid_inter_frame_rtp_ts_delta,*** invalid_inter_frame_rtp_ts_delta,*** invalid_inter_frame_rtp_ts_delta,*** invalid_inter_frame_rtp_ts_delta,Invalid inter-frame RTP TS delta,Delta do RTP TS inter-frames inválido,*** invalid_inter_frame_rtp_ts_delta,*** invalid_inter_frame_rtp_ts_delta,Ongeldig inter frame RTP TS verschil
analysis.errors.cinst_above_maximum,CInst est supérieur à la valeur maximale autorisée (CMAX),Значение CInst превышает максимально допустимое (CMAX),Значення Cinst перевищує максимально допустиме (CMAX),CInst is above the maximum allowed value (CMAX),CInst is above the maximum allowed value (CMAX),CInst está acima do valor máximo permitido (CMAX),Cinst ist oberhalb des maximal erlaubten Wertes (CMAX),CInst πάνω από τη μέγιστη επιτρεπόμενη τιμή (CMAX),CInst is hoger dan het toegestane maximum (CMAX)
analysis.errors.vrx_above_maximum,VRX est à l'extérieur des limites (0..VRXFULL),*** Значение VRX превышает максимально допустимое (VRXFULL),*** Значення VRX перевищує максимально допустиме (VRXFULL),*** Значення VRX перевищує максимально допустиме (VRXFULL),VRX is outside of the valid bounds (0..VRXFULL),VRX está fora dos limites permitidos (0..VRXFULL),*** VRX ist oberhalb des maximal erlaubten Wertes (0..VRXFULL),*** VRX πάνω από τη μέγιστη επιτρεπόμενη τιμή (0..VRXFULL),VRX is buiten de geldige limieten (0..VRXFULL)
analysis.errors.tsdf_not_compliant,TS-DF non conforme à EBU Tech 3337,Значение TS-DF не отвечает требованиям EBU TECH 3337,Значення TS-DF не відповідає вимогам EBU TECH 3337,TS-DF not compliant with EBU TECH 3337,TS-DF not compliant with EBU TECH 3337,O valor de TS-DF não está de acordo com a recomendação EBU TECH 3337,TS-DF ist nicht konform mit EBU TECH 3337,Το TS-DF δεν συμμορφώνεται με το EBU TECH 3337,TS-DF voldoet niet aan EBU Tech 3337
analysis.errors.audio_rtp_ts_not_compliant,RTP timestamps non conformes à JT-NM TESTED,RTP временные метки не соответствует JT-NM TESTED,RTP тимчасові мітки не відповідає JT-NM Tested,TS-DF not compliant with EBU TECH 3337,RTP timestamps not compliant with JT-NM Tested,Timestamps RTP não compatíveis com JT-NM Tested,RTP-Zeitstempel entsprechen nicht JT-NM Tested,Τα χρονικά σήματα RTP δεν συμμορφώνονται με το JT-NM Tested,RTP timestamps voldoen niet aan JT-NM Tested
analysis.errors.dropped_packets,Paquets perdus. Des discontinuités de marqueur de temps RTP ont été détectées. Cela peut être dû à une erreur de l'expéditeur ou du destinataire ou à une congestion du du réseau.,"Потеряны пакеты. Обнаружена непоследовательность меток времени RTP. Это может быть вызвано ошибкой источника или получателя, или перегрузкой сети","Втрачені пакети. Виявлено непослідовність часових міток RTP. Це може бути викликано помилкою джерела або приймача, або перевантаженням мережі","Dropped packets. RTP timestamp discontinuities were detected. This could be caused by a sender or receiver error, or by network congestion","Dropped packets. RTP timestamp discontinuities were detected. This could be caused by a sender or receiver error, or by network congestion",Pacotes perdidos. Foram detetadas descontinuidades no timestamp RTP,"Verlorene Pakete. RTP timestamp Diskontinuitäten wurden entdeckt. Mögliche Gründe hierfür könnten Sender- oder Empfänger-Fehler, oder eine Netzwerk Überlastung sein.",Απόρριψη πακέτων. Έχουν ανιχνευθεί ασυνέπειες χρονισμού σήματος RTP. Αυτό μπορεί να οφείλεται σε σφάλμα αποστολέα ή δέκτη ή σε συμφόρηση δικτύου,Gemiste packets. RTP timestamp discontinuïteiten gedetecteerd. Dit kan veroorzaakt worden door een zender of ontvanger fout of door netwerkverstopping
analysis.errors.invalid_multicast_mac_address,L'adresse MAC n'est pas une adresse multicast valide,*** invalid_multicast_mac_address ***,*** invalid_multicast_mac_address ***,*** invalid_multicast_mac_address ***,The MAC address is not a valid multicast address,O endereço MAC não é um endereço de multicast válido,*** invalid_multicast_mac_address ***,*** invalid_multicast_mac_address ***,Ongeldig multicast MAC adres
analysis.errors.invalid_multicast_ip_address,L'adresse IP n'est pas une adresse multicast valide,*** invalid_multicast_ip_address ***,*** invalid_multicast_ip_address ***,*** invalid_multicast_ip_address ***,The IP address is not a valid multicast address,O endereço IP não é um endereço de multicast válido,*** invalid_multicast_ip_address ***,*** invalid_multicast_ip_address ***,Ongeldig multicast IP adres
analysis.errors.unrelated_multicast_addresses,Les adresses MAC et IP ne correspondent pas,*** unrelated_multicast_addresses ***,*** unrelated_multicast_addresses ***,*** unrelated_multicast_addresses ***,The MAC and IP addresses do not match,Os endereços IP e MAC não estão relacionados,*** unrelated_multicast_addresses ***,*** unrelated_multicast_addresses ***,Ongerelateerde multicast adressen (MAC en IP)
analysis.errors.shared_multicast_destination_ip_address,Collision d'adresses IP: il y a plus d'une source qui envoient à la même destination,*** shared_multicast_destination_ip_address ***,*** shared_multicast_destination_ip_address ***,*** shared_multicast_destination_ip_address ***,IP address collision: more than one source sending to the same destination.,Colisão de endereços IP: há mais do que uma fonte a enviar dados para o mesmo destino.,*** shared_multicast_destination_ip_address ***,*** shared_multicast_destination_ip_address ***,"IP adres conflict: meerdere bronnen zenden naar hetzelfde IP adres
"
analysis.errors.ttml_time_base_is_not_media,*** analysis.errors.ttml_time_base_is_not_media ***,*** analysis.errors.ttml_time_base_is_not_media ***,*** analysis.errors.ttml_time_base_is_not_media ***,*** analysis.errors.ttml_time_base_is_not_media ***,"TTML <ttp:timeBase> is not ""media""","TTML <ttp:timeBase> não é ""media""",*** analysis.errors.ttml_time_base_is_not_media ***,*** analysis.errors.ttml_time_base_is_not_media ***,*** analysis.errors.ttml_time_base_is_not_media ***
analysis.errors.ttml_inconsistent_sequence_identifier,*** analysis.errors.ttml_inconsistent_sequence_identifier ***,*** analysis.errors.ttml_inconsistent_sequence_identifier ***,*** analysis.errors.ttml_inconsistent_sequence_identifier ***,*** analysis.errors.ttml_inconsistent_sequence_identifier ***,TTML inconsistent sequence identifier,TTML sequence identifier inconsistente,*** analysis.errors.ttml_inconsistent_sequence_identifier ***,*** analysis.errors.ttml_inconsistent_sequence_identifier ***,*** analysis.errors.ttml_inconsistent_sequence_identifier ***
analysis.errors.invalid_marker_bit,Bit de marqueur RTP invalide,Недопустимый бит маркера RTP,Недійсний біт маркера RTP,Invalid RTP marker bit,Invalid RTP marker bit,Bit de marcador RTP inválido,Ungültiges RTP-Markierungsbit,Μη έγκυρο bit δείκτη RTP,Ongeldigt RTP marker bit
analysis.errors.invalid_field_bits,bit de champ non valide,бит Invalid поле,біт Invalid поле,Ongeldige Field bit,Invalid Field bit,bit inválido campo,Ungültige Feld Bit,bit Μη έγκυρο πεδίο,Ongeldige Field bit
analysis.errors.ancillary_invalid_payload,charge utile auxiliaire invalide,Invalid вспомогательная нагрузка,Invalid допоміжна навантаження,Ongeldige bijkomende payload,Invalid ancillary payload,carga útil auxiliar inválido,Ungültige Nebennutzlast,Μη έγκυρη βοηθητικές ωφέλιμο φορτίο,Ongeldige bijkomende payload
headings.network_information,Information du réseau,Информация о сети,Інформація про мережу,Netwerk Informatie,Network Information,Informação de Rede,Netzwerk Informationen,Πληροφορίες δικτύου,Netwerk Informatie
headings.media_information,Information du média,Информация о медиа,Інформація про медіа,Media Informatie,Media Information,Informação da Essência,Medien Informationen,Πληροφορίες για το περιεχόμενο,Media Informatie
headings.audio_explorer,Explorateur audio,Аудио проводник,Аудіо провідник,Audio Verkenner,Audio Explorer,Explorador de Áudio,Audio Explorer,Ήχος,Audio Verkenner
headings.audio_measurements,Mesures audios,Аудио измерения,Аудіо вимірювання,Audio Meting,Audio Measurements,Medições do Áudio,Audio Messungen,Μετρήσεις ήχου,Audio Meting
headings.video_measurements,Mesures vidéos,Видео измерения,Відео вимірювання,Video Meting,Video Measurements,Medições do Vídeo,Video Messungen,Μετρήσεις εικόνας,Video Meting
headings.last_pcaps,Fichiers PCAP,PCAP файлы,PCAP файли,Laatste PCAPs bestand,PCAP files,Últimos PCAPs analisados,PCAP Dateien,Αρχεία PCAP,Laatste PCAPs bestand
headings.last_flows,Flux en direct,Живые потоки,Живі потоки,Laatste Live Flows,Live flows,Últimos Flows em Direto,Live flows,Άμεση Σύνδεση,Laatste Live Flows
headings.video,Vidéo,Видео,Відео,Video,Video,Vídeo,Video,Εικόνα,Video
headings.audio,Audio,Аудио,Аудіо,Audio,Audio,Áudio,Audio,Ήχος,Audio
headings.anc,Données ancilliaires,Вспомогательные данные,Допоміжні дані,Ancillary Data,Ancillary Data,Dados Auxiliares,Ancillary Daten,Συμπληρωματικά δεδομένα,Ancillary Data
headings.anc_sub_stream,Sous flux auxiliaire,вспомогательный подпоток,допоміжний підтік,Ancillary sub stream,Ancillary sub stream,Subfluxo auxiliar,Nebenstrom,βοηθητικό δευτερεύον ρεύμα,Ancillary sub stream
headings.payload,Charge utile,полезная нагрузка,корисне навантаження,payload,Payload,Payload,Nutzlast,φορτίο επί πληρωμή,payload
headings.unknown,Inconnu,Неизвестные,Невідомі,Onbekend,Unknown,Desconhecido,Unbekannt,Αγνωστος,Onbekend
headings.filters,Filtres,Фильтры,Фільтри,Filters,Filters,Filtros,Filter,Φίλτρα,Filters
headings.ttml,TTML,TTML,TTML,TTML,TTML,TTML,TTML,TTML,TTML
headings.psnr_and_delay,PSNR et Delay,PSNR и задержки,PSNR і затримки,PSNR en Delay,PSNR and Delay,PSNR e Delay,PSNR und Verzögerung,PSNR και καθυστέρηση,PSNR en Delay
headings.config,Configuration,конфигурация,конфігурація,Configuratie,Configuration,Configuração,Aufbau,Διαμόρφωση,Configuratie
headings.cross_correlation,PCM intercorrélation,PCM Cross Корреляция,PCM Cross Кореляція,PCM Cross Correlatie,PCM Cross Correlation,Correlação PCM Cruz,PCM Kreuzkorrelation,PCM Cross Correlation,PCM Cross Correlatie
headings.AVSync,Synchronisation audio-vidéo,Синхронизация аудио-видео,Синхронізація аудіо-відео,Audio-videosynchronisatie,audio-video synchronization,Sincronização de áudio-video,Audio-Video-Synchronisation,Συγχρονισμός ήχου-βίντεο,Audio-videosynchronisatie
audio_player.play,Jouer,Воспроизведение,Відтворення,Start,Play,Reproduzir,Abspielen,Αναπαραγωγή,Start
audio_player.pause,Pause,Пауза,Пауза,Pause,Pause,Parar,Pause,Παύση,Pause
audio_player.render,Effectuer le rendu,Сгенерировать,Згенерувати,Geven,Render,Renderizar,Rendern,Ρεαλισμός,Weergeven
audio_player.cursor,Curseur audio,Audio cursor,Audio cursor,Audio cursor,Audio cursor,Audio cursor,Audio cursor,Audio cursor,Audio cursor
video_player.cursor,Curseur video,Video cursor,Video cursor,Video cursor,Video cursor,Video cursor,Video cursor,Video cursor,Video cursor
filters.show_error_only,Montrer les flux ayant des erreurs,Только потоки с ошибками,Тільки потоки з помилками,Enkel foutieve stromen,Only error streams,Apenas com Erros,Nur Fehler-Streams,Μόνο ροές σφαλμάτων,Enkel foutieve stromen
filters.show_online_only,Afficher les flux actif seulement,Только активные потоки,Тільки активні потоки,Enkel actieve stromen,Only active streams,Apenas Online,Nur aktive Streams,Μόνο ενεργές ροές,Enkel actieve stromen
filters.show_video_only,Afficher les flux videos,Только видеопотоки,Тільки відео потоки,Enkel video stromen,Only video streams,Apenas Vídeo,Nur Video-Streams,Μόνο ροές εικόνας,Enkel video stromen
filters.show_audio_only,Afficher les flux audios,Только аудио потоки,Тільки аудіо потоки,Enkel audio stromen,Only audio streams,Apenas Áudio,Nur Audio-Streams,Μόνο ροές ήχου,Enkel audio stromen
media_information.video_profiles,Profiles videos,Видео профили,Відео профілі,Video Profiel,Video Profiles,Perfis de Vídeo,Video Profile,Προφίλ εικόνας,Video Profiel
media_information.audio_profiles,profiles audios,Аудио профили,Аудіо профілі,Audio Profiel,Audio Profiles,Perfis de Áudio,Audio Profile,Προφίλ ήχου,Audio Profiel
media_information.media_type,Type de média,Тип медиа,Тип медиа,Media Type,Media Type,Tipo de Essência,Medien Typ,Τύπος μέσων,Media Type
media_information.media_duration,Durée du média,Время медиа,Час медіа,Media Tijd,Media Duration,Duração,Medien Zeit,Χρόνος μέσων,Media Tijd
media_information.ancillary.wrong_field_bits,mauvais bits de champ,Неправильно биты поля,Неправильно біти поля,Verkeerd veldbits,Wrong field bits,campo bits errados,Falsches Feld Bits,Λάθος bits πεδίο,Verkeerd veldbits
media_information.ancillary.wrong_payloads,charges utiles mauvais,Неправильная полезная нагрузка,Неправильна корисне навантаження,verkeerde payloads,Wrong payloads,payloads erradas,falsche Nutzlasten,λάθος ωφέλιμα φορτία,verkeerde payloads
media_information.audio.number_channels,Nombre de canaux,Количество каналов,Кількість каналів,Aantal kanalen,Number of channels,Nº de Canais,Anzahl der Kanäle,Αριθμός καναλιών,Aantal kanalen
media_information.audio.encoding,Encodage,Кодирование,Кодування,Encoding,Encoding,Codificação,Codierung,Κωδικοποίηση,Encoding
media_information.audio.packet_time,Durée de paquet,Пакетное время,Пакетний час,Packet time,Packet time,Duração do pacote,Paketzeit,Χρόνος πακέτων,Packet time
media_information.audio.sampling,Échantillonage,Сэмплирование,Семплування,Sampling,Sampling,Amostragem,Abtastung,Δειγματοληψία ήχου,Sampling
media_information.audio.number_samples,Nombre d'échantillons,Количество сэмплов,Кількість семплів,Aantal samples,Number of samples,Nº de amostras,Anzahl der Samples,Αριθμός δειγμάτων,Aantal samples
media_information.audio.packet_size,Taille de chaque packet,Pозмір кожного пакету,Pозмір кожного пакету,Size of each sample,Size of each sample,Tamanho de cada pacote,Größe jedes Pakets,Μέγεθος κάθε δείγματος,Packet grootte
media_information.audio.samples_per_packet,Nombre d'échantillons par paquet RTP,Количество сэмплов в RTP-пакете,Кількість семплів в RTP-пакеті,Number of samples per RTP packet,Number of samples per RTP packet,Nº de amostras por pacote RTP,Anzahl der Samples pro RTP-Paket,Μέγεθος κάθε πακέτου,Aantal sampels per RTP packet
media_information.audio.tsdf_max,"""Timestamp Delay Factor"" maximum",Максимальный коэффициент задержки по меткам времени,Максимальний коефіцієнт затримки за мітками часу,Maximum Timestamped Delay Factor,Maximum Timestamped Delay Factor,TSDF Máximo,TSDF Maximum,Μέγιστος συντελεστής καθυστέρησης με χρονική σήμανση,Maximum Timestamped Delay Factor
media_information.video.sampling,Échantillonage,Сэмплирование,Семплування,Sampling,Sampling,Amostragem,Abtastung,Δειγματοληψία εικόνας,Sampling
media_information.video.color_depth,Profondeur de couleurs,Глубина цвета,Глибина кольору,Color Depth,Color Depth,Profundidade de Cor,Farbtiefe,Βάθος χρώματος,Kleurdiepte
media_information.video.width,Largeur,Ширина,Ширина,Width,Width,Largura,Breite,Πλάτος,Breedte
media_information.video.height,Hauteur,Высота,Висота,Height,Height,Altura,Höhe,Υψος,Hoogte
media_information.video.colorimetry,Colorimétrie,Колориметрия,Колориметрія,Colorimetry,Colorimetry,Colorimetria,Farbmetrik,Χρωματομετρία,Colorimetry
media_information.video.packets_per_field,Paquets par Champ,Пакетов на кадр,Пакетів на кадр,Packets per Field,Packets per Field,Nº pacotes por campo,Pakete pro Feld,Packets per Field,Packets per Field
media_information.video.packets_per_frame,Paquets par Trame,Пакетов на кадр,Пакетів на кадр,Packets per Frame,Packets per Frame,Nº pacotes por imagem,Pakete pro Frame,Packets per Frame,Packets per Frame
media_information.video.continuation_bit,Continuation bit,Continuation bit,Continuation bit,Continuation bit,Continuation bit,Continuation bit,Continuation bit,Continuation bit,Continuation bit
media_information.video.continuation_bit.present,Used,Used,Used,Used,Used,Usado,Used,Used,Used
media_information.video.continuation_bit.not_present,Not used,Not used,Not used,Not used,Not used,Não usado,Not used,Not used,Not used
media_information.video.packing_mode,Packing mode,Packing mode,Packing mode,Packing mode,Packing mode,Packing mode,Packing mode,Packing mode,Packing mode
media_information.video.scan_type,Type de balayage,Тип развертки,Тип розгортки,Scan Type,Scan Type,Scan Type,Scan-Typ,Τύπος σάρωσης,Scan Type
media_information.video.rate,Taux,Темп,Темп,Rate,Rate,Rate,Rate,Τιμή,Rate
media_information.video.dimensions,Dimensions,Размеры,Розміри,Dimensions,Dimensions,Dimensões,Dimensionen,Διαστάσεις,Afmetingen
media_information.video.field_rate,Taux de champs,Частота сканирования,Частота сканування,Field Rate,Field Rate,Field Rate,Feld-Rate,Ρυθμός πεδίων,Field Rate
media_information.video.frame_rate,Taux de trames,Частота кадров,Частота кадрів,Frame Rate,Frame Rate,Frame Rate,Bildwiederholfrequenz,Ρυθμός καρέ,Frame Rate
media_information.video.interlaced,Entrelacé,Чересстрочная,Черезрядкова,Interlaced,Interlaced,Entrelaçado,Interlaced,Διαπλοκή,Interlaced
media_information.video.progressive,Progressif,Прогрессивная,Прогресивна,Progressive,Progressive,Progressivo,Progressiv,Προοδευτικός,"Progressief
"
media_information.video.read_schedule,Horaire de lecture,Расписание считивания,Розклад зчитування,Read Schedule,Read Schedule,Read Schedule,Read Schedule,Πρόγραμμα,Lees schema
media_information.video.fields,Champs,Поля,Поля,Fields,Fields,Campos,Felder,Πεδία,Fields
media_information.video.frames,Trames,Кадры,Кадри,Frames,Frames,Imagens,Frames,Καρέ,Frames
media_information.rtp.stream,Flux,Поток,Потік,Stroom,Stream,Stream,Stream,Ροή,Stroom
media_information.rtp.source,Source,Источник,Джерело,Bron,Source,Origem,Quelle,Πηγή,Bron
media_information.rtp.source_mac,MAC source,*** media_information.rtp.source_mac_address,*** media_information.rtp.source_mac_address,*** media_information.rtp.source_mac_address,Source MAC,Origem MAC,*** media_information.rtp.source_mac_address,*** media_information.rtp.source_mac_address,Bron MAC adres
media_information.rtp.destination,Destination,Получатель,Отримувач,Bestemming,Destination,Destino,Ziel,Προορισμός,Bestemming
media_information.rtp.destination_mac,MAC de destination,*** media_information.rtp.destination_mac_address,*** media_information.rtp.destination_mac_address,*** media_information.rtp.destination_mac_address,Destination MAC,Destino MAC,*** media_information.rtp.destination_mac_address,*** media_information.rtp.destination_mac_address,"Bestemming MAC adres
"
media_information.rtp.ssrc,SSRC,SSRC,SSRC,SSRC,SSRC,SSRC,SSRC,SSRC,SSRC
media_information.rtp.has_extended_header,,,,,Extended Header,Cabeçalho Extendido,,,
media_information.rtp.payload_type,Payload Type,Payload Type,Payload Type,Payload Type,Payload Type,Payload Type,Payload Type,Payload Type,Payload Type
media_information.rtp.packet_count,Nombre de paquets,Пакеты,Пакети,Paketten,Packets,Nº Pacotes RTP,Pakete,Πακέτα,Aantal pakketten
media_information.rtp.count,*** media_information.rtp.count,*** media_information.rtp.count,*** media_information.rtp.count,*** media_information.rtp.count,Count,Quantidade,*** media_information.rtp.count,*** media_information.rtp.count,RTP telling
media_information.histogram,histogramme,Гистограмма,Гістограма,histogram,Histogram,histograma,Histogramm,Ιστόγραμμα,histogram
media_information.timeline,Chronologie,Лента новостей,тимчасова шкала,Tijdlijn,Timeline,Linha do tempo,Zeitleiste,Χρονοδιάγραμμα,Tijdlijn
media_information.vrx,*** media_information.vrx,*** media_information.vrx,*** media_information.vrx,*** media_information.vrx,VRX (with TRoffset = TROdefault =,*** media_information.vrx,*** media_information.vrx,*** media_information.vrx,VRX
media_information.tvd,*** media_information.tvd,*** media_information.tvd,*** media_information.tvd,*** media_information.tvd,Tvd (with TRoffset = TROdefault =,*** media_information.tvd,*** media_information.tvd,*** media_information.tvd,TVD
media_information.vrx_adjusted,*** media_information.vrx_adjusted,*** media_information.vrx_adjusted,*** media_information.vrx_adjusted,*** media_information.vrx_adjusted,Adjusted VRX (with TRoffset = Avg(FPO) =,*** media_information.vrx_adjusted,*** media_information.vrx_adjusted,*** media_information.vrx_adjusted,"Aangepaste VRX
"
media_information.tvd_adjusted,*** media_information.tvd_adjusted,*** media_information.tvd_adjusted,*** media_information.tvd_adjusted,*** media_information.tvd_adjusted,Adjusted Tvd (with TRoffset = Avg(FPO) =,*** media_information.tvd_adjusted,*** media_information.tvd_adjusted,*** media_information.tvd_adjusted,Aangepaste TVD
media_information.packets,*** media_information.packets,*** media_information.packets,*** media_information.packets,*** media_information.packets,packets,*** media_information.packets,*** media_information.packets,*** media_information.packets,pakketten
media_information.count,*** media_information.count,*** media_information.count,*** media_information.count,*** media_information.count,Count,*** media_information.count,*** media_information.count,*** media_information.count,telling
media_information.ticks,*** media_information.ticks,*** media_information.ticks,*** media_information.ticks,*** media_information.ticks,Ticks,*** media_information.ticks,*** media_information.ticks,*** media_information.ticks,"ticks
"
media_information.delay,*** media_information.delay,*** media_information.delay,*** media_information.delay,*** media_information.delay,Delay (μs),*** media_information.delay,*** media_information.delay,*** media_information.delay,vertraging (μs)
media_information.tsdf,*** media_information.tsdf,*** media_information.tsdf,*** media_information.tsdf,*** media_information.tsdf,Time Stamped Delay Factor,*** media_information.tsdf,*** media_information.tsdf,*** media_information.tsdf,Time Stamped Delay Factor (TSDF)
media_information.tsdf_axis_label,*** media_information.tsdf_axis_label,*** media_information.tsdf_axis_label,*** media_information.tsdf_axis_label,*** media_information.tsdf_axis_label,TSDF (μs),*** media_information.tsdf_axis_label,*** media_information.tsdf_axis_label,*** media_information.tsdf_axis_label,TSDF as label
media_information.title_global,*** media_information.title_global,*** media_information.title_global,*** media_information.title_global,*** media_information.title_global,Global,*** media_information.title_global,*** media_information.title_global,*** media_information.title_global,Globale titel
media_information.title_last_second,*** media_information.title_last_second,*** media_information.title_last_second,*** media_information.title_last_second,*** media_information.title_last_second,Last Second,*** media_information.title_last_second,*** media_information.title_last_second,*** media_information.title_last_second,Laatste seconde
media_information.c_peak_timeline,*** media_information.c_peak_timeline,*** media_information.c_peak_timeline,*** media_information.c_peak_timeline,*** media_information.c_peak_timeline,C peak Timeline,*** media_information.c_peak_timeline,*** media_information.c_peak_timeline,*** media_information.c_peak_timeline,"C piek tijdlijn
"
media_information.vrx_peak_timeline,*** media_information.vrx_peak_timeline,*** media_information.vrx_peak_timeline,*** media_information.vrx_peak_timeline,*** media_information.vrx_peak_timeline,Vrx peak Timeline,*** media_information.vrx_peak_timeline,*** media_information.vrx_peak_timeline,*** media_information.vrx_peak_timeline,VRX piek tijdlijn
media_information.rtp.dropped,perdus,потерянные,втрачені,Gemist,dropped,perdidos,verloren,Απόρριψη πακέτων,Gemist
media_information.rtp.payload_type,Type de contenu,Тип данных,Тип даних,Payload Type,Payload Type,Payload Type,Payload Typ,Τύπος ωφέλιμου φορτίου,Payload Type
media_information.rtp.destination_address,Adresse de destination,Адрес назначения,Адреса призначення,Bestemming Adres,Destination Address,Endereço de Destino,Zieladresse,Διεύθυνση προορισμού,Bestemming Adres
media_information.rtp.destination_mac_address,Adresse MAC de destination,*** media_information.rtp.destination_mac_address,*** media_information.rtp.destination_mac_address,*** media_information.rtp.destination_mac_address,Destination MAC Address,Endereço MAC de Destino,*** media_information.rtp.destination_mac_address,*** media_information.rtp.destination_mac_address,"Bestemming MAC adres
"
media_information.rtp.destination_port,Port de destination,Порт назначения,Порт призначення,Bestemming Poort,Destination Port,Porto de Destino,Ziel Port,Θύρα προορισμού,Bestemming port
media_information.rtp.source_address,Adresse source,Адрес источника,Адреса джерела,Bron Adres,Source Address,Endereço de Origem,Quelladresse,Διεύθυνση πηγής,Bron adres
media_information.rtp.source_mac_address,Adresse MAC source,*** media_information.rtp.source_mac_address,*** media_information.rtp.source_mac_address,*** media_information.rtp.source_mac_address,Source MAC Address,Endereço MAC de Origem,*** media_information.rtp.source_mac_address,*** media_information.rtp.source_mac_address,Bron MAC adres
media_information.rtp.source_port,Port de source,Порт источника,Порт джерела,Bron Poort,Source Port,Porto de Origem,Quell Port,Θύρα πηγής,Bron port
media_information.rtp.duration,Durée,Продолжительность,Тривалість,Duur,Duration,Duração,Dauer,Διάρκεια,Duur
media_information.rtp.delta_rtp_ts_vs_nt,RTP Offset,RTP Offset,RTP Offset,RTP Offset,RTP Offset,RTP Offset,RTP Offset,RTP Offset,RTP Offset
media_information.rtp.inter_frame_rtp_ts_delta,*** media_information.rtp.inter_frame_rtp_delta,*** media_information.rtp.inter_frame_rtp_delta,*** media_information.rtp.inter_frame_rtp_delta,*** media_information.rtp.inter_frame_rtp_delta,Inter-frame RTP TS Delta,Delta do RTP TS entre frames,*** media_information.rtp.inter_frame_rtp_delta,*** media_information.rtp.inter_frame_rtp_delta,Inter frame RTP TS verschil
media_information.rtp.delta_first_packet_time_vs_rtp_time,Latency,Latency,Latency,Latency,Latency,Latency,Latency,Latency,Latency
media_information.rtp.delta_packet_time_vs_rtp_time,Ecart paquet vs RTP,Дельта пакет против RTP,Дельта пакет проти RTP,Delta Packet vs RTP,Delta Packet vs RTP,Delta Packet vs RTP,Delta Packet gegen RTP,Delta πακέτο εναντίον RTP,Verschil packet vs RTP
media_information.rtp.rtp_ts_step,Increment de temps RTP,Шаг по времени RTP,Час часу RTP,RTP time step,RTP time step,Etapa de tempo RTP,RTP-Zeitschritt,Etapa de tempo RTP,RTP time step
media_information.rtp.wrong_marker_bit,Mauvais marqueur,Неверный маркерный бит,Неправильний маркерний біт,Wrong marker bit,Wrong marker bit,Bit de marcador errado,Falsches Markierungsbit,Λάθος μαρκαρίσματος,Verkeer marker bit
media_information.video.ptp_offset,*** media_information.video.ptp_offset,*** media_information.video.ptp_offset,*** media_information.video.ptp_offset,*** media_information.video.ptp_offset,PTP Offset,*** media_information.video.ptp_offset,*** media_information.video.ptp_offset,*** media_information.video.ptp_offset,PTP Offset
media_information.analysis,*** media_information.analysis,*** media_information.analysis,*** media_information.analysis,*** media_information.analysis,Analysis,Análise,*** media_information.analysis,*** media_information.analysis,*** media_information.analysis
stream.configure_streams,Configurer les flux,Настройки потока,Налаштування потоку,Configureer stroom,Configure Stream,Configurar Stream,Konfiguriere Stream,Ρύθμιση παραμέτρων ροής,Configureer stroom
stream.analyze_stream,Analyser les flux,Анализ потока,Аналіз потоку,Analyse van de stroom,Analyze Stream,Analisar Stream,Analysiere Stream,Ανάλυση ροής,Analyseer de stroom
stream.no_streams,Pas de flux trouvé,Потоки не найдены,Потоки не знайдені,Geen stroom gevonden,No Streams Found,Sem Streams,Keine Streams gefunden,Δεν υπάρχουν ροές,Geen stroom gevonden
stream.no_frames,Flux sans trames vidéo,Поток без кадров,Потік без кадрів,Stroom zonder frames,Stream without frames,Stream sem Frames,Stream ohne Frames,Ροή χωρίς καρέ,Stroom zonder frames
stream.detected_stream,Protocole,Протокол,Протокол,Protocol,Protocol,Norma Detectada,Protokoll,Πρωτόκολλο,Protocol
stream.compliance,Conformité,Соответствие,Відповідність,Compliance,Compliance,Conformidade,Konformität,Συμβατότητα,Compliance
alerts.stream_missing_information,Information de flux manquantes,Отсутствует информация о потоке,Відсутня інформація про потік,Er ontbreekt informatie voor deze stroom,Missing Stream Information,Informação da Stream insuficiente,Fehlende Stream Informationen,Λείπουν πληροφορίες ροής,Er ontbreekt informatie voor deze stroom
alerts.stream_already_analyzed,Flux déjà analysé,Поток уже проанализирован,Потік вже проаналізовано,Stroom is reeds geanalyseerd,Stream already analyzed,Stream já analisada,Stream bereits analysiert,Η ροή έχει ήδη αναλυθεί,Stroom is reeds geanalyseerd
alerts.stream_not_analyzed,Flux non analysé,Поток не проанализирован,Потік не проаналізовано,Stroomm niet geanalyseerd,Stream not analyzed,Stream não analisada,Stream wurde nicht analysiert,Η ροή δεν αναλύθηκε,Stroom niet geanalyseerd
alerts.media_type_unknown,Le type de média pour ce flux est inconnu,Тип медия для этого потока неизвестен,Тип медія для цього потоку невідомий,The media type for this stream is unknown,The media type for this stream is unknown,O tipo de Essência desta stream é desconhecido,Der Medien-Typ dieses Streams ist unbekannt,Ο τύπος μέσων για αυτήν τη ροή είναι άγνωστος,Het media type voor deze stroom is onbekend
information.stream_missing_information,"Ce flux ne contient pas toutes les informations nécessaires pour procéder à son analyse. Veuillez remplir les champs manquants dans ""Informations sur les médias"".","Недостаточно информации для продолжения анализа потока. Пожалуйста, заполните недостающие поля в ""Информация о медиа"".","Недостатньо інформації для продовження аналізу потоку. Будь ласка, заповніть відсутні поля в ""Інформація про медіа""",This stream doesn't have all information needed to proceed for the stream analysis. Please fill the missing fields in Media Information.,This stream doesn't have all information needed to proceed for the stream analysis. Please fill the missing fields in Media Information.,Não há dados suficientes para analisar esta stream. Por favor complete a Informação da Essência.,Diesem Stream fehlt es an Informationen welche benötigt werden um mit der Analyse fortzufahren. Bitte füllen Sie die fehlenden Felder unter Media-Inofmationen aus.,Αυτή η ροή δεν διαθέτει όλες τις πληροφορίες που απαιτούνται για να προχωρήσει η ανάλυση ροής. Συμπληρώστε τα πεδία που λείπουν από τις πληροφορίες μέσων.,Deze stroom heeft niet alle informatie die nodig is voor de stroom analyse. Vul s.v.p. de ontbrakende media informatie velden in.
information.stream_analyzed_information,"Ce flux a déjà été analysé. Si les résultats ne correspondent pas à vos attentes, essayez de modifier les paramètres des Médias et réessayez.","Этот поток уже был проанализирован. Если результаты не соответствуют вашим ожиданиям, попробуйте изменить медиа настройки и повторите попытку.","Цей потік вже проаналізовано. Якщо результати не відповідають вашим очікуванням, спробуйте змінити настройки мадіа і спробуйте ще раз.","This stream has already been analyzed. If the results didn't match your expectation, try to change the Media Settings and try again.","This stream has already been analyzed. If the results didn't match your expectation, try to change the Media Settings and try again.","Esta stream já foi analisada. Se os resultados não corresponderam, por favor mude a Informação da Essência e tente de novo.","Dieser Stream wurde bereits analysiert. Wenn das Ergebnis von den Erwartungen abweicht, ändern Sie die Medien-Einstellungen und versuchen Sie es erneut.","Αυτό το ρεύμα έχει ήδη αναλυθεί. Αν τα αποτελέσματα δεν ταιριάζουν με τα αναμενόμενα, δοκιμάστε να αλλάξετε τις ρυθμίσεις πολυμέσων και να προσπαθήσετε ξανά.","Deze stroom is al geanalyseerd. Als de resultaten niet overeenkomen met uw verwachting, probeer dan de media instellingen te veranderen en probeer het opnieuw."
information.media_type_unknown,"En indiquant ce flux comme inconnu, il ne sera pas analysé.","Если отметить этот поток как неизвестный, он не будет проанализирован.","Якщо відмітити цей потік як невідомий, його не буде проаналізовано.","By marking this stream as unknown, it will not be analyzed.","By marking this stream as unknown, it will not be analyzed.","Por marcar o tipo desta Stream como Desconhecido, esta não será analisada.","Durch das Markieren dieses Streams als unbekannt, wird dieser nicht analysiert","Με τη σήμανση αυτού της ροής ως άγνωστης, δεν θα αναλυθεί.","Door deze stroom als 'onbekend' aan te merken, zal hij niet geanalyseerd worden."
date,Date,Дата,Дата,Datum,Date,Data,Datum,Ημερομηνία,Datum
pcap.analysis_date,Analysis date,Analysis date,Analysis date,Analysis date,Analysis date,Data de análise,"Analysis date
","Analysis date
","Analysis date
"
pcap.capture_date,Capture date,Capture date,Capture date,Capture date,Capture Date,Data de Captura,Capture date,Capture date,Capture date
name,Nom,имя,ім'я,Naam,Name,Nome,Name,Ονομα,Naam
notifications.success.file_upload,Fichier téléversé,Файл загружен,Файл завантажено,Bestand ingeladen,File uploaded,Ficheiro PCAP submetido,Datei hochgeladen,Το αρχείο μεταφορτώθηκε,Bestand geupload
notifications.success.file_upload_message,Le fichier %{name} a été téléversé correctement,Файл %{name} был успешно загружен,Файл %{name} було успішно завантажено,Bestand %{name} succesvol ingeladen,The %{name} file was successfully uploaded,O ficheiro %{name} foi submetido com sucesso,Die Datei  %{name} wurde erfolgreich hochgeladen,Το αρχείο %{name} μεταφορτώθηκε με επιτυχία,Bestand %{name} succesvol geupload
notifications.success.pcap_deleted,Fichier PCAP supprimé,PCAP файл удален,PCAP файл видалено,PCAP bestand verwijderd,PCAP file deleted,Ficheiro PCAP apagado,PCAP Datei gelöscht,Το αρχείο PCAP διαγράφηκε,PCAP bestand verwijderd
notifications.success.pcap_deleted_message,Le fichier %{name} a été supprimé correctement,Файл %{name} был успешно удален,Файл %{name}  було успішно видалено,%{name} werd succesvol verwijderd,The %{name} file was successfully deleted,O ficheiro %{name} foi apagado com sucesso,Die Datei  %{name} wurde erfolgreich gelöscht,Το αρχείο %{name} διαγράφηκε με επιτυχία,%{name} werd succesvol verwijderd
notifications.success.stream_deleted,Flux supprimé,Поток удален,Потік видалено,Stroom verwijderd,Stream deleted,Stream apagada,Stream gelöscht,Η ροή διαγράφηκε,Stroom verwijderd
notifications.success.stream_deleted_message,Le flux a été supprimé correctement,Поток был успешно удален,Потік було успішно видалено,De stroom is verwijderd,The stream was successfully deleted,A stream foi apagada com sucesso,Der Stream wurde erfolgreich gelöscht,Η ροή διαγράφηκε με επιτυχία,De stroom is verwijderd
notifications.success.stream_analysis,Réussi,Успешно,Успішно,Success,Success,Sucesso,Erfolg,Επιτυχία,"Gelukt
"
notifications.success.stream_analysis_message,Le flux a été analysé correctement,Поток был успешно проанализирован,Потік було успішно проаналізовано,De stroom is succesvol geanalyseerd,The stream was successfully analysed,A Stream foi corretamente analisada,Der Stream wurde erfolgreich analysiert,Η ροή αναλύθηκε με επιτυχία,De stroom is succesvol geanalyseerd
notifications.success.comparison_complete,Comparaison complète,Сравнение полной,порівняння повної,vergelijking compleet,Comparison complete,completa comparação,Vergleich komplette,σύγκριση πλήρη,vergelijking compleet
notifications.success.comparison_complete_message,La comparaison a été effectuée avec succès,Сравнение было успешно завершено,Порівняння було успішно завершено,Vergelijking is met succes afgerond,Comparison has been successfully completed,Comparação foi concluída com êxito,Vergleich ist erfolgreich abgeschlossen,Σύγκριση έχει ολοκληρωθεί με επιτυχία,Vergelijking is met succes afgerond
notifications.success.comparison_deleted,Comparaison supprimée,Сравнение удалено,порівняння видалено,vergelijking verwijderd,Comparison deleted,comparação eliminado,Vergleich gelöscht,σύγκριση διαγράφεται,vergelijking verwijderd
notifications.success.comparison_deleted_message,La comparaison a été supprimée avec succès,Сравнение было успешно удалено,Порівняння було успішно видалено,De vergelijking werd succesvol verwijderd,The comparison was successfully  deleted,A comparação foi excluído com sucesso,Der Vergleich wurde erfolgreich gelöscht,Η σύγκριση διαγράφηκε με επιτυχία,De vergelijking werd succesvol verwijderd
notifications.success.mp3_render,Fichier mp3 rendu,Mp3 файл сгенерирован,Mp3 файл згенеровано,Mp3-bestand gerenderd,Mp3 file rendered,Arquivo MP3 renderizado,Mp3 Datei gerendert,Δημιουργία αρχείου Mp3,Mp3-bestand weergegeven
notifications.success.stream_capture_message,Le flux a été capturé correctement,Поток был успешно захвачен,Потік було успішно захоплено,De stroom is succesvol opgenomen,The stream was successfully captured,Captura terminada com sucesso,Der Stream wurde erfolgreich aufgenommen,Η ροή καταγράφηκε επιτυχώς,De stroom is succesvol opgenomen
notifications.error.file_upload,Le téléversement a échoué,Загрузка не удалась,Завантаження не вдалося,inladen mislukt,upload failed,O upload do PCAP falhou,Upload Fehlgeschlagen,Η μεταφόρτωση απέτυχε,Upload mislukt
notifications.error.file_upload_message,Une erreur est survenue lors du téléversement du fichier %{name},Произошла ошибка во время загрузки файла %{name},Сталася помилка під час  завантаження файлу %{name},Er is een fout opgetreden voor %{name} tijdens het upload process,An error occurred during the %{name} file upload process,Ocorreu um erro enquanto o ficheiro %{name} foi submetido,Es ist ein Fehler aufgetreten während des Uploads der Datei %{name},Παρουσιάστηκε σφάλμα κατά τη διαδικασία αποστολής αρχείων %{name},Er is een fout opgetreden voor %{name} tijdens het upload process
notifications.error.pcap_deleted,Erreur lors de la suppression du fichier PCAP,Ошибка при удалении PCAP файла,Помилка при видаленні PCAP файлу,Fout opgetreden tijdens het verwijderen van het PCAP bestand,Error while deleting PCAP,Erro a apagar o PCAP,Fehler während dem Löschen des PCAP,Σφάλμα κατά τη διαγραφή του PCAP,Fout opgetreden tijdens het verwijderen van het PCAP bestand
notifications.error.pcap_deleted_message,Le fichier %{name} ne peut pas être supprimé,Файл %{name} не может быть удален,Файл %{name} не може бути видалений,Het bestand %{name} kan niet worden verwijderd,The %{name} file cannot be deleted,Não foi possível apagar o ficheiro %{name},Die Datei %{name} kann nicht gelöscht werden,Το αρχείο %{name} δεν μπορεί να διαγραφεί,Het bestand %{name} kan niet worden verwijderd
notifications.error.sdp_download,Erreur lors du téléchargement du fichier SDP,Ошибка загрузки файла SDP,Помилка завантаження файлу SDP,Fout tijdens ontvangen van SDP bestand,Error downloading SDP file,Erro a transferir o ficheiro SDP,Fehler beim Herunterladen der SDP-Datei,Σφάλμα κατά τη λήψη του αρχείου SDP,Fout tijdens ontvangen van SDP bestand
notifications.error.stream_deleted,Erreur lors de la suppression du flux,Ошибка при удалении потока,Помилка при видаленні потоку,Fout tijdens het verwijderen van streamm,Error while deleting stream,Erro a apagar a stream,Fehler während dem Löschen des Streams,Σφάλμα κατά τη διαγραφή της ροής,Fout tijdens het verwijderen van de stroom
notifications.error.stream_deleted_message,Le flux ne peut être supprimné,Поток не может быть удален,Потік не може бути видалений,De stroom kan niet worden verwijderd,The stream cannot be deleted,Não foi possível apagar. Por favor verifique os logs.,Der Stream kann nicht gelöscht werden,Η ροή δεν μπορεί να διαγραφεί,De stroom kan niet worden verwijderd
notifications.error.stream_analysis,Erreur,Ошибка,Помилка,Fout,Error,Erro,Fehler,Λάθος,Fout
notifications.error.stream_analysis_message,Quelque chose a mal tourné lors de l'analyse du flux,Что-то пошло не так во время анализа потока,Щось пішло не так під час аналізу потоку,Er is iets mis gelopen tijdens de analyse van de stroom,Something went wrong during the stream analysis,Algo correu mal durante a análise da stream,Etwas ist schief gelaufen während der Analyse des Streams,Κάτι πήγε λάθος κατά τη διάρκεια της ανάλυσης ροής,Er is iets misgelopen tijdens de analyse van de stroom
notifications.error.comparison_complete,Comparaison interrompue,Сравнение прерываться,порівняння перериватися,vergelijking onderbroken,Comparison interrupted,comparação interrompido,Vergleich unterbrochen,σύγκριση διακοπεί,vergelijking onderbroken
notifications.error.comparison_deleted,Erreur lors de la suppression de la comparaison,Ошибка при удалении сравнения,Помилка при видаленні порівняння,Fout bij het verwijderen van de vergelijking,Error while deleting the comparison,Erro ao excluir a comparação,Fehler beim Löschen des Vergleichs,Σφάλμα κατά τη διαγραφή της σύγκρισης,Fout bij het verwijderen van de vergelijking
notifications.error.comparison_deleted_message,La comparaison ne peut pas être supprimée,Сравнение не может быть удален,Порівняння не може бути видалений,Vergelijking kan niet worden verwijderd,Comparison cannot be deleted,Comparação não pode ser excluído,Der Vergleich kann nicht gelöscht werden,Σύγκριση δεν μπορεί να διαγραφεί,Vergelijking kan niet worden verwijderd
notifications.error.mp3_render,N'a pas pu rendre le mp3,Не удалось сгенерировать mp3,Не вдалося згенерувати mp3,Kon mp3 niet weergeven,Could not render mp3,Não foi possível renderizar mp3,Mp3 konnte nicht gerendert werden,Δεν ήταν δυνατή η δημιουργία mp3,Kon mp3 niet weergeven
notifications.error.stream_capture_message,Quelque chose a mal tourné lors de la capture,Что-то пошло не так во время захвата,Щось пішло не так під час захоплення,Er is iets mis gelopen tijdens de opname,Something went wrong during the capture,Algo correu mal durante a captura,Etwas ist schief gelaufen während der Aufnahme,Κάτι πήγε λάθος κατά τη διάρκεια της σύλληψης,Er is iets mis gelopen tijdens de opname
workflow.drop_pcap_files_here,Déposer vos fichiers PCAP ici,Перетащите ваши PCAP файлы сюда,Перентягніть ваші PCAP файли сюди,Sleep je PCAP-bestand(en) hier,Drop your PCAP files here,Arraste para aqui os ficheiros PCAP,PCAP Dateien hier ablegen,Αφήστε τα αρχεία PCAP εδώ,Sleep je PCAP-bestand(en) hier
workflow.select_from_drive,ou sélectionnez les sur votre ordinateur,или выберите их на вашем компьютере,або виберіть їх на вашому комп'ютері,of selecteer ze van je computer,or select them from your computer,ou selecione-os no seu computador,oder auf dem Computer auswählen,ή να τις επιλέξετε από τον υπολογιστή σας,of selecteer van je computer
workflow.import_networkcapture,Importer les fichiers PCAP,Импортирование PCAP файлов,Імпорт PCAP файлів,Importeer PCAP bestand(en),Import Network Capture files,Importar ficheiros de captura de rede,Importiere PCAP Dateien,Εισαγωγή αρχείων PCAP,Importeer PCAP bestand(en)
workflow.import_networkcapture_btn,Fichier de capture réseau,*** workflow.import_networkcapture_btn,*** workflow.import_networkcapture_btn,*** workflow.import_networkcapture_btn,Network Capture File,Ficheiro de Captura de Rede,*** workflow.import_networkcapture_btn,*** workflow.import_networkcapture_btn,Netwerk opname bestand
workflow.reading_pcap,Lecture des fichiers PCAP...,Чтение PCAP файла...,Зчитування PCAP файлу...,Lezen van PCAP bestand...,Reading PCAP file...,A ler o ficheiro PCAP...,Lese PCAP Datei…,Ανάγνωση αρχείου PCAP...,Lezen van PCAP bestand...
workflow.processing_streams,Traitement des flux…,Обработка потоков ...,Обробка потоків...,Stroom aan het verwerken...,Processing Streams...,A processar as Streams...,Verarbeite Streams…,Επεξεργασία ροών...,Stroom aan het verwerken...
workflow.done,Complété,Готово,Готово,Afgewerkt,Done,Concluído,Fertig,Ολοκληρώθηκε,Voltooid
workflow.capture_stream,Capturer le flux,Захват потока,Захоплення потоку,Stroom Opnemen,Capture Stream,Gravar Stream,Stream aufnehmen,Εγγραφή ροής,Stroom Opnemen
workflow.add_stream,Ajouter le flux,Добавить поток,Додати потік,Stroom toevoegen,Add Stream,Adicionar Stream,Stream hinzufügen,Προσθήκη ροής,Stroom toevoegen
workflow.start_capture,Commencer,Начать,Почати,Start,Start,Iniciar,Start,Εκκίνηση,Start
workflow.start_capture.serial,Démarrer (séquentiel),*** Начать,*** Почати,*** Start,Start (sequential),Iniciar (série),*** Start,*** Εκκίνηση,Starten (sequentieel)
workflow.start_capture.parallel,Démarrer (parallèle),*** Начать,*** Почати,*** Start,Start (parallel),Iniciar (paralelo),*** Start,*** Εκκίνηση,Starten (parallel)
workflow.drop_sdp_file_here,Déposer votre fichier SDP ici,Перетащите свой файл SDP сюда,Перетягніть свій файл SDP сюди,Zet je SDP-bestand hier neer,Drop your SDP file here,Arraste para aqui seu ficheiro SDP,SDP Dateien hier ablegen,Αφήστε το αρχείο SDP εδώ,Zet je SDP-bestand hier neer
workflow.add,Ajouter,*** workflow.add,*** workflow.add,*** workflow.add,Add,Adicionar,*** workflow.add,*** workflow.add,Toevoegen
workflow.added,Ajouté,*** workflow.added,*** workflow.added,*** workflow.added,Added,Adicionado,*** workflow.added,*** workflow.added,"Toegevoegd
"
workflow.add_failed,L'ajout a échoué,*** workflow.add_failed,*** workflow.add_failed,*** workflow.add_failed,Failed to add,Falha ao adicionar,*** workflow.add_failed,*** workflow.add_failed,Toevoegen mislukt
workflow.update,Actualiser,*** workflow.update,*** workflow.update,*** workflow.update,Update,Atualizar,*** workflow.update,*** workflow.update,Actualiseren
workflow.cancel,Annuler,*** workflow.cancel,*** workflow.cancel,*** workflow.cancel,Cancel,Cancelar,*** workflow.cancel,*** workflow.cancel,Annuleren
workflow.requested,Tâche demandée,*** workflow.requested,*** workflow.requested,*** workflow.requested,Workflow requested,Workflow iniciado,*** workflow.requested,*** workflow.requested,"Taak aangevraagd
"
workflow.request_failed,Demande de tâche échouée,*** workflow.request_failed,*** workflow.request_failed,*** workflow.request_failed,Workflow request failed,Falha ao iniciar workflow,*** workflow.request_failed,*** workflow.request_failed,Taak aanvraag mislukt
workflow.cancel_not_eligible_title,***,***,***,***,Workflow(s) not eligible,Workflow(s) não eligiveis,***,***,***
workflow.cancel_not_eligible,***,***,***,***,"
Some workflows are not eligible to be canceled.",Alguns workflows não são eligiveis para serem cancelados,***,***,***
workflow.cancel_requested,*** workflow.cancel_requested,*** workflow.cancel_requested,*** workflow.cancel_requested,*** workflow.cancel_requested,"
Cancellation requested",Cancelamento em curso,***workflow.cancel_failed,***workflow.cancel_failed,Cancel aangevraagd
workflow.cancel_failed,*** workflow.cancel_failed,*** workflow.cancel_failed,*** workflow.cancel_failed,***workflow.cancel_failed ,"
Failed to cancel workflow",Falha ao cancelar workflow,***workflow.cancel_failed,***workflow.cancel_failed,Cancel mislukt
workflow.names.captureAndIngest,Capture et analyse,*** captureAndIngest,*** captureAndIngest,*** captureAndIngest,Capture and analysis,Captura e análise,*** captureAndIngest,*** captureAndIngest,Capture en ingest
workflow.names.downloadMultipleFiles,*** workflow.names.downloadMultipleFiles,*** workflow.names.downloadMultipleFiles,*** workflow.names.downloadMultipleFiles,*** workflow.names.downloadMultipleFiles,Download multiple files,Descarregar vários ficheiros,*** workflow.names.downloadMultipleFiles,*** workflow.names.downloadMultipleFiles,Download meerdere bestanden
workflow.names.compareStreams,Comparer des flux,Сравнить потоки,Порівняти потоки,Vergelijk streams,Compare streams,Comparar streams,Vergleichen Ströme,συγκρίνετε ρεύματα,Vergelijk streams
workflow.names.st2022_7_analysis,ST2022-7,ST2022-7,ST2022-7,ST2022-7,ST2022-7,ST2022-7,ST2022-7,ST2022-7,ST2022-7
workflow.download_networkcapture,Capture originale,*** workflow.download_networkcapture,*** workflow.download_networkcapture,*** workflow.download_networkcapture,Original Capture,Descarregar Captura Orignal,*** workflow.download_networkcapture,*** workflow.download_networkcapture,Downlaod network opname
user_account.delete_user_account,Supprimer le compte,Удалить аккаунт,Видалити аккаунт,Verwijder Account,Delete Account,Apagar Conta,Account löschen,Διαγραφή λογαριασμού,Verwijder Account
user_account.sign_in,Joindre,Войти,Увійти,Aanmelden,Sign In,Autenticação,Einloggen,Σύνδεση,Aanmelden
user_account.logout,Se déconnecter,Выйти,Вийти,Afmelden,Log Out,Sair,Ausloggen,Αποσύνδεση,Afmelden
user_account.delete_confirmation,Voulez vous vraiment supprimer votre compte? Cette action va supprimer toutes les données et est irréversible.,"Вы уверены, что хотите удалить свой аккаунт? Это действие удалит все данные и необратимо.","Ви впевнені, що хочете видалити свій аккаунт? Ця дія видалить всі дані і є незворотною.",Bent U zeker dat U uw account wenst te verwijderen? Deze actie zal al uw data verwijderen en is onomkeerbaar,Are you sure you want to delete your account? This action will delete all data and is irreversible.,Tem a certeza que quer apagar a sua conta? Esta ação é permanente e irreversível.,"Sind Sie sicher, dass Sie diesen Account löschen möchten? Diese Aktion wird alle Daten löschen und ist nicht umkehrbar.",Είστε βέβαιοι ότι θέλετε να διαγράψετε το λογαριασμό σας; Αυτή η ενέργεια θα διαγράψει όλα τα δεδομένα και είναι μη αναστρέψιμη.,Bent U zeker dat U uw account wenst te verwijderen? Deze actie zal al uw data verwijderen en is onomkeerbaar
user_account.user_registered_message,Usager enregistré correctement,Пользователь успешно зарегистрирован,Користувач успішно зареєстрований,Gebruiker succesvol geregistreerd,User successfully registered,Utilizador registado com sucesso,Benutzer erfolgreich registriert,Ο χρήστης καταχωρήθηκε με επιτυχία,Gebruiker succesvol geregistreerd
user_account.email,Courriel,Email,E-mail,Email,Email,E-mail,E-Mail,Ηλεκτρονική Διεύθυνση,Email
user_account.password,Mot de passe,Пароль,Пароль,Paswoord,Password,Palavra-chave,Passwort,Κωδικός πρόσβασης,Paswoord
pcap.delete_header,Supprimer le fichier PCAP,Удалить PCAP файл,Видалити PCAP файл,Verwijder PCAP bestanden,Delete PCAP file,Apagar PCAP,Lösche PCAP Datei,Διαγραφή αρχείου PCAP,Verwijder PCAP bestanden
pcap.delete_message,Voulez vous vraiment supprimer le(s) fichier(s) %{name}?,"Вы уверены, что хотите удалить файл(ы) %{name}?","Ви впевнені, що хочете видалити файл(и) %{name}?",Bent U zeker dat U %{name} betand(en) wenst te verwijderen?,Are you sure you want to delete %{name} file(s)?,Tem a certeza que quer apagar %{name} ficheiro(s)?,"Sind Sie sicher, dass Sie die Datei(en) %{name} löschen möchten?",Είστε βέβαιοι ότι θέλετε να διαγράψετε αρχεία %{name};,Bent U zeker dat U %{name} betand(en) wenst te verwijderen?
pcap.download_networkcapture,Télécharger la capture originale,*** pcap.download_networkcapture,*** pcap.download_networkcapture,*** pcap.download_networkcapture,Download Original Capture,Descarregar Captura Orignal,*** pcap.download_networkcapture,*** pcap.download_networkcapture,Download netwerk opname
pcap.download_sdp,Télécharger le SDP,Скачать SDP,Завантажити SDP,Download SDP,Download SDP,Descarregar SDP,SDP herunterladen,Κατεβάστε SDP,Download SDP
pcap.download_pcap,Télécharger le PCAP,Скачать PCAP,Завантажити PCAP,Download PCAP,Download PCAP,Descarregar PCAP,PCAP herunterladen,Κατεβάστε PCAP,Download PCAP
pcap.download_json,*** pcap.download_json,*** pcap.download_json,*** pcap.download_json,Download JSON,Download JSON,Descarregar JSON,*** pcap.download_json,*** pcap.download_json,Download JSON
pcap.download_pdf,*** pcap.download_pdf,*** pcap.download_pdf,*** pcap.download_pdf,Download PDF,Download PDF,Descarregar PDF,*** pcap.download_pdf,*** pcap.download_pdf,Download PDF
pcap.no_pcaps,Pas de fichier PCAP trouvé.,PCAP файлы не найдены.,PCAP файли не знайдено.,Geen PCAP bestand gevonden,No PCAP files found.,Não foram encontrados ficheiros PCAP,Keine PCAP Dateien gefunden.,Δεν βρέθηκαν αρχεία PCAP.,Geen PCAP bestand gevonden
pcap.no_pcaps.message,"Glisser-déposer les fichiers ici, ou utiliser le bouton ""Téléverser""","Перетащите файлы сюда, или используйте кнопку загрузки.","Перетягніть файли сюди, або використайте кнопку завантаження.",,"Drag and drop files here, or use the upload button.",,"Dateien per Drag and Drop hier ablgen, oder den Upload Button benutzen",Σύρετε και αφήστε τα αρχεία εδώ ή χρησιμοποιήστε το κουμπί αποστολής.,
pcap.warnings,Avertissements,Предупреждения,Попередження,Waarschuwing,Warnings,Avisos,Warnungen,Προειδοποιήσεις,Waarschuwing
pcap.errors,Erreurs,Ошибки,Помилки,Fout,Errors,Erros,Fehler,Λάθη,Fout
pcap.file_name,Nom du fichier,Имя файла,Ім'я файлу,Bestandsnaam,File name,Nome do ficheiro,Dateiname,Όνομα αρχείου,Bestandsnaam
pcap.state.failed,L'analyse a échoué,Анализ не удалося,Аналіз не вдався,Analysis niet gelukt,Analysis failed,A análise falhou,Analyse fehlgeschlagen,Η ανάλυση απέτυχε,Analyse niet gelukt
pcap.state.no_analysis,Pas d'analyse de complété,Анализа не выполнен,Аналіз не виконано,Geen analysis gemaakt,No analysis done,Sem análise efetuada,Keine Analyse erfolgt,Δεν έγινε ανάλυση,Geen analysis gemaakt
pcap.state.needs_user_input,Configurer les flux,Настроить потоки,Налаштувати потоки,Configureer Stromen,Configure Streams,Necessita de informações adicionais,Konfiguriere Streams,Ρύθμιση ροών,Configureer stromen
pcap.state.compliant,Conforme,Соответствует,Відповідає,Compliant,Compliant,Compatível,Konform,Συμβατότητα,Conform
pcap.state.not_compliant,Non conforme,Не соответствует,Не відповідає,Niet Compliant,Not Compliant,Não compatível,Nicht konform,Δεν είναι συμβατό,Niet conform
flow.no_flows,Pas de flux trouvé,Потоки не найдены,Потоки не знайдено,Geen Flow gevonden,No Flows found,Não foram encontrados Flows,Keine Flows gefunden,Δεν βρέθηκαν Ροές,Geen flow gevonden
buttons.ok,Ok,*** buttons.ok,*** buttons.ok,*** buttons.ok,Ok,Ok,*** buttons.ok,*** buttons.ok,OK
buttons.yes,Oui,*** buttons.yes,*** buttons.yes,*** buttons.yes,Yes,Sim,*** buttons.yes,*** buttons.yes,Ja
buttons.no,Non conforme,*** buttons.no,*** buttons.no,*** buttons.no,No,Não,*** buttons.no,*** buttons.no,Nee
buttons.delete,Supprimer,Удалить,Видалити,Verwijder,Delete,Apagar,Löschen,Διαγραφή,Verwijder
buttons.cancel,Annuler,Отменить,Скасувати,Cancel,Cancel,Cancelar,Abbrechen,Ακύρωση,Cancel
buttons.reload,Recharger la page,Перезагрузить страницу,Перезавантажити сторінку,Herlaad Pagina,Reload Page,Recarregar a Página,Seite neuladen,Επαναφόρτωση σελίδας,Herlaad pagina
buttons.go_back,Arrière,Вернуться,Повернутись,Ga Terug,Go Back,Anterior,Zurück,Επιστροφή,Ga terug
buttons.login,Ouverture de session,Авторизоваться,Авторизація,Login,Login,Entrar,Login,Σύνδεση,Log in
buttons.register,S'enregistrer,Зарегистрироваться,Реєстрація,Registreer,Register,Registar,Resistrieren,Εγγραφή,Registreer
navigation.home,Page d'accueil,домашняя страница,домашня сторінка,Startpagina,Homepage,Pagina inicial,Startseite,Αρχική σελίδα,Startpagina
navigation.capture.backup,Capturer,Захватить,Захопити,Capture,Capture,Captura,Aufnehmen,Πιάνω,Capture
navigation.capture,Capture PCAP,PCAP захват,PCAP захоплення,PCAP capture,PCAP capture,captura PCAP,PCAP-Capture,σύλληψη PCAP,PCAP capture
navigation.live_streams,Flux en direct,Живые потоки,Живі потоки,Live streams,Live streams,Live streams,Livestreams,Ζωντανές ροές,Live stromen
navigation.live_sources,Sources,*** navigation.capture,*** navigation.capture,*** navigation.capture,Sources,Fontes,*** navigation.capture,*** navigation.capture,Live bronnen
navigation.workflows,Tâches,*** navigation.workflows,*** navigation.workflows,*** navigation.workflows,Workflows,Workflows,*** navigation.workflows,*** navigation.workflows,Workflows
navigation.network,Réseau,Сеть,Мережа,Netwerk,Network,Na Rede,Netzwerk,Δίκτυο,Netwerk
navigation.pcaps.backup,PCAPs et flux,PCAP файлы и потоки,PCAP файли та потоки,PCAPs & Stromen,PCAPs & Streams,PCAPs & Streams,PCAPs & Streams,PCAPs & Streams,PCAPs & Stromen
navigation.pcaps,Analyses de PCAP,анализ PCAP,аналіз PCAP,PCAP analyse,PCAP analysis,análise PCAP,PCAP-Analyse,ανάλυση PCAP,PCAP analyse
navigation.settings,Paramètres,Настройки,Налаштування,Instellingen,Settings,Definições,Einstellungen,Ρυθμίσεις,Instellingen
navigation.help,Besoin d'aide?,Нужна помощь?,Потрібна допомога?,Hulp nodig?,Need some help?,Precisa de ajuda?,Brauchen Sie Hilfe?,Χρειάζομαι βοήθεια?,Hulp nodig?
navigation.ptp_analysis,Analyse PTP,Анализ PTP,Аналіз PTP,PTP Analyse,PTP Analysis,Análise PTP,PTP Analyse,Ανάλυση PTP,PTP Analyse
navigation.streams,Flux,Потоки,Потоки,Stromen,Streams,Streams,Streams,Ροές,Stromen
navigation.stream,Flux,Поток,Потік,Stroom,Stream,Stream,Stream,Ροή,Stroom
navigation.stream_comparisons,Comparaison de flux,поток Сравнение,потік Порівняння,stroom Vergelijking,Stream Comparison,fluxo de Comparação,Stream-Vergleich,ροή Σύγκριση,stroom Vergelijking
navigation.download_manager,Gestionnaire de téléchargement,Менеджер закачек,Менеджер завантажень,Download Manager,Download Manager,Gerenciador de download,Download-Manager,Διαχειριστής λήψης,Download Manager
navigation.credits,Crédits,кредиты,кредити,credits,Credits,créditos,Credits,Συντελεστές,credits
realtime_feed.ok,Information reçue en temps réel,Получение информации в режиме реального времени,Отримання інформації в режимі реального часу,Ontvang informatie in real-time,Receiving information in real-time,A receber informações em tempo real,Informationen in Echtzeit erhalten,Λήψη πληροφοριών σε πραγματικό χρόνο,Ontvang informatie in real-time
live_stream.no_streams,Pas de flux trouvé,Потоки не найдены,Потоки не знайдено,Geen stroom gevonden,No streams found,Não foram encontradas streams,Keine Streams gefunden,Δεν βρέθηκαν ροές,Geen stroom gevonden
live_stream.no_streams_message,Commencer à enregistrer un flux en direct afin de le visualiser ici.,"Начьните записи живого потока, чтобы увидеть его здесь.","Почніть запис живого потоку, щоб побачити його тут.",Start opname van een live stroom om het hier te zien.,Start recording a live stream in order to see it here.,Comece a gravar streams em direto para as ver aqui.,Starten Sie die Aufnahme eines Livestreams um sie hier zu sehen,Ξεκινήστε την εγγραφή μιας ζωντανής ροής για να την δείτε εδώ.,Start opname van een live stroom om de stroom hier te zien.
errors.stream_marked_as_unknown,Le Type de média pour ce flux a été paramétré comme 'Inconnu'. Pour obtenir d'avantage d'information sur ce flux il faut modifier le Type de média dans la Configuration,"Тип медиа для этого потока был настроен как «неизвестный». Для того, чтобы получить больше информации об этом потоке — измените тип медиа в настройках потока.","Тип медіа для цього потоку був налаштований як «невідомий». Для того, щоб отримати більше інформації про це потік — змініть тип медіа в конфігурації потоку.",Het Media Type for this stream was configured as 'Onbekend'. To get more information about this stream change the Media Type in the stream configuration.,The Media Type for this stream was configured as 'Unknown'. To get more information about this stream change the Media Type in the stream configuration.,A Essência desta Stream não é conhecida ou suportada. Carregue no botão abaixo para adicionar mais detalhes sobre a Stream.,"Der Medien-Typ für diesen Stream wurde als 'Unbekannt' konfiguriert. Um mehr Informationen zu erhalten, ändern Sie den Medien-Typ in der Stream Konfiguration","Ο Τύπος μέσου για αυτήν τη ροή έχει ρυθμιστεί ως ""Άγνωστο"". Για να λάβετε περισσότερες πληροφορίες σχετικά με αυτήν την ροή, αλλάξτε τον Τύπο μέσου στη διαμόρφωση ροής.",Het Media Type voor deze stroom was geconfigureerd als 'onbekend'. Verander het media type in de stroomconfiguratie om meer informatie over deze stroom te verkrijgen.
errors.not_supported,Format non supporté,Формат не поддерживается.,Формат не підтримується.,Formaat niet ondersteund,Format not supported.,Formato não suportado.,Format nicht unterstützt,Αυτός ο τύπος δεν υποστηρίζεται.,Formaat niet ondersteund
errors.not_supported_message,Le format du flux n'est pas reconnu.,Формат потока не распознан.,Формат потоку не розпізнано.,Het formaat wird niet herkend,The stream format is not recognized.,O formato da stream não é reconhecido.,Das Stream-Format wurde nicht erkannt,Η ροής δεν αναγνωρίζεται.,Het formaat wordt niet herkend
errors.404_title,Page non trouvée,Страница не найдена,Сторінку не знайдено,Pagina niet gevonden,Page not found,Página não encontrada,Seite nicht gefunden,Η σελίδα δεν βρέθηκε,Pagina niet gevonden
errors.404_message,La page que vous cherchez n'existe pas ou une autre erreur est survenue.,"Страница, которую вы ищете, не существует или произошла другая ошибка.","Сторінка, яку ви шукаєте, не існує або сталася інша помилка.","De gezochte pagina bestaat niet, of iets anders liep mis.",The page you are looking for doesn't exist or another error occurred.,A página que tentou aceder não existe ou ocorreu um erro.,Die Seite die Sie suchen existiert nicht oder ein anderer Fehler ist aufgetreten,Η σελίδα που ψάχνετε δεν υπάρχει ή εμφανίστηκε κάποιο άλλο σφάλμα.,"De gezochte pagina bestaat niet, of iets anders liep mis."
errors.network_error_title,Erreur réseau,Ошибка сети,Помилка мережі,Network Fout,Network Error,Erro de Rede,Netzwerk Fehler,Σφάλμα δικτύου,Network fout
settings.theme,Thème,Тема,Тема,Thema,Theme,Tema,Thema,Θέμα,Thema
settings.language,Langue,Язык,Мова,Taal,Language,Língua,Sprache,Γλώσσα,Taal
live.sources.add_sources,Ajouter les sources,*** live.sources.add_sources,*** live.sources.add_sources,*** live.sources.add_sources,Add sources,Adicionar fontes,*** live.sources.add_sources,*** live.sources.add_sources,"Voeg bronnen toe
"
live.sources.edit_sources,Éditer les sources,*** live.sources.edit_sources,*** live.sources.edit_sources,*** live.sources.edit_sources,Edit sources,Editar fontes,*** live.sources.edit_sources,*** live.sources.edit_sources,Bewerk bronnen
live.sources.name,Nom,*** live.sources.name,*** live.sources.name,*** live.sources.name,Name,Nome,Name,Όνομα,Naam
live.sources.delete_header,Supprimer la source,*** live.sources.delete_header,*** live.sources.delete_header,*** live.sources.delete_header,Delete source,Apagar fonte,Lösche Quelle,Διαγράφή πηγής,Verwijder de header
live.sources.delete_message,Voulez vous vraiment supprimer la(les) source(s) %{name} ,*** live.sources.delete_message,*** live.sources.delete_message,*** live.sources.delete_message,Are you sure you want to delete %{name} source(s)?,Tem a certeza que pretende apagar %{name} fonte(s)?,"Sind Sie sich sicher, dass Sie die Quelle(n) %{name} löschen möchten?",Είστε βέβαιοι ότι θέλετε να διαγράψετε την πηγή %{name};,"Verwijder bericht
"
live.sources.destination_address,Addresse de destination,Адрес назначения,Адреса призначення,Bestemming Adres,Destination address,Endereço de destino,Zieladresse,Διεύθυνση προορισμού,Bestemming adres
live.sources.destination_port,Port de destination,*** live.sources.destination_port ***,*** live.sources.destination_port ***,*** live.sources.destination_port ***,Destination port,Porto de Destino,*** live.sources.destination_port ***,*** live.sources.destination_port ***,"Bestemming port
"
live.sources.format,Format,*** format ***,*** format ***,*** format ***,Format,Formato,Format,Τύπος,Formaat
notifications.success.live.sources.deleted,Sources en direct supprimées,*** notifications.success.live.sources.deleted,*** notifications.success.live.sources.deleted,*** notifications.success.live.sources.deleted,Live sources deleted,Fonte apagada,Live-Quellen gelöscht,Ζωντανές πηγές διαγράφηκαν,"Live bronnen verwijderd
"
notifications.success.live.sources.delete_message,Les sources en direct ont été supprimées avec succès,*** notifications.success.live.sources.delete_message,*** notifications.success.live.sources.delete_message,*** notifications.success.live.sources.delete_message,Live sources deleted successfully,Fontes apagadas com sucesso,Live-Quellen erfolgreich gelöscht,Οι ενεργές πηγές διαγράφηκαν με επιτυχία,De live bronnen zijn met succes verwijderd
notifications.error.live.sources.deleted,Source(s) en direct non supprimée(s),*** notifications.error.live.sources.deleted,*** notifications.error.live.sources.deleted,*** notifications.error.live.sources.deleted,Live source(s) not deleted,Fonte(s) não apagada(s),Live-Quelle(n) nicht gelöscht,Η πηγή/ες δεν έχουν διαγραφεί,Probleem bij het verwijderen van live bronnen
notifications.error.live.sources.delete_message,Erreur lors de la suppression des sources en direct,*** notifications.error.live.sources.delete_message,*** notifications.error.live.sources.delete_message,*** notifications.error.live.sources.delete_message,Error deleting live sources,Erro ao apagar fontes,Fehler beim Löschen der Live-Quellen,Σφάλμα κατά τη διαγραφή ζωντανών πηγών,Probleem bij het verwijderen van live bronnen
table.next,Suivant,*** table.next ***,*** table.next ***,*** table.next ***,Next,Seguinte,*** table.next ***,*** table.next ***,Volgende
table.previous,Précédent,*** table.previous ***,*** table.previous ***,*** table.previous ***,Previous,Anterior,*** table.previous ***,*** table.previous ***,Vorige
analysis_profiles.active_profile,*** analysis_profiles.profiles ***,*** analysis_profiles.profiles ***,*** analysis_profiles.profiles ***,*** analysis_profiles.profiles ***,Analysis profile,Perfil de análise,*** analysis_profiles.profiles ***,*** analysis_profiles.profiles ***,Actief analyse profiel
ttml.number_of_subtitles,Number of subtitles,Number of subtitles,Number of subtitles,Number of subtitles,Number of subtitles,Número de subtítulos,Number of subtitles,Number of subtitles,Number of subtitles
ttml.time_base,Time base,Time base,Time base,Time base,Time base,Time base,Time base,Time base,Time base
ttml.sequence_identifier,Sequence identifier,Sequence identifier,Sequence identifier,Sequence identifier,Sequence identifier,Identificador de sequência,Sequence identifier,Sequence identifier,Sequence identifier
comparison.type,Type,Type,Type,Type,Type,Tipo,Type,Type,Type
comparison.delete_header,Supprimer la comparaison,Удалить сравнение,видалити порівняння,Verwijder de vergelijking,Delete the comparison,Excluir a comparação,Löschen Sie den Vergleich,Διαγραφή της σύγκρισης,Verwijder de vergelijking
comparison.delete_message,Etes-vous sûr de vouloir supprimer la comparaison?,"Вы уверены, что хотите удалить сравнение?","Ви впевнені, що хочете видалити порівняння?",Bent u zeker dat u de vergelijking te schrappen?,Are you sure you want to delete the comparison?,Tem certeza de que deseja excluir a comparação?,"Sind Sie sicher, dass Sie den Vergleich löschen?",Είστε σίγουροι ότι θέλετε να διαγράψετε τη σύγκριση;,Bent u zeker dat u de vergelijking te schrappen?
comparison.result.max_psnr,Maximum de PSNR,Максимум PSNR,максимум PSNR,Maximaal PSNR,Maximum of PSNR,Máximo de PSNR,Maximal PSNR,Μέγιστη των PSNR,Maximaal PSNR
comparison.result.cross_correlation,corrélation croisée,Крест Корреляция,хрест Кореляція,Cross Correlatie,Cross Correlation,Correlação cruz,Kreuzkorrelation,Cross Correlation,Cross Correlatie
comparison.result.cross_correlation_max,Intercorrélation maximale,Максимальная взаимная корреляция,Максимальна взаємна кореляція,Maximum Cross Correlatie,Maximum Cross Correlation,Máxima Correlação Cruzada,Maximale Kreuzkorrelation,Η μέγιστη συσχέτιση,Maximum Cross Correlatie
comparison.result.delay.capture,Délai de capture,Capture Delay,Capture Delay,Capture Delay,Capture Delay,captura Delay,Erfassungsverzögerung,σύλληψη Καθυστέρηση,Capture Delay
comparison.result.delay.media,retard médias,задержка СМИ,затримка ЗМІ,media vertraging,Media delay,atraso de mídia,Medien Verzögerung,καθυστέρηση Media,media vertraging
comparison.result.delay.actual,Délai réel,Фактическая задержка,Фактична затримка,werkelijke Delay,Actual Delay,Atraso real,Die tatsächliche Verzögerung,πραγματική Καθυστέρηση,werkelijke Delay
comparison.result.delay.rtp,Retard RTP,RTP Delay,RTP Delay,RTP Delay,RTP Delay,RTP Delay,RTP-Verzögerung,RTP Καθυστέρηση,RTP Delay
comparison.result.delay.relative,Retard relatif (echantillons),Относительная задержка,відносна затримка,relatieve vertraging,Relative Delay (Samples),Delay relativa,Relative Verzögerung,σχετική καθυστέρηση,relatieve vertraging
comparison.result.psnr_vs_time_shift,PSNR vs décalage temporel,PSNR против временного сдвига,PSNR проти тимчасового зсуву,PSNR vs time shift,PSNR vs time shift,PSNR vs mudança de tempo,PSNR vs Zeitverschiebung,PSNR vs αλλαγή της ώρας,PSNR vs time shift
comparison.result.transparency,Transparence,прозрачность,прозорість,Transparantie,Transparency,Transparência,Transparenz,Διαφάνεια,Transparantie
comparison.result.delay,Retard,задержка,затримка,Vertraging,Delay,Demora,Verzögern,Καθυστέρηση,Vertraging
comparison.result.AVDelay,Délai audio-vidéo,Задержка аудио-видео,Затримка аудіо-відео,Audio-video-vertraging,audio-video delay,Atraso de áudio-video,Audio-Video-Verzögerung,καθυστέρηση ήχου-βίντεο,Audio-video-vertraging
comparison.result.AVDelayPkt,A/V packet delay ,A/V packet delay ,A/V packet delay ,A/V packet delay ,A/V packet delay ,A/V packet delay ,A/V packet delay ,A/V packet delay ,A/V packet delay 
comparison.result.AVDelayRtp,A/V RTP delay,A/V RTP delay,A/V RTP delay,A/V RTP delay,A/V RTP delay,A/V RTP delay,A/V RTP delay,A/V RTP delay,A/V RTP delay
comparison.config.media_type,Type de support,Тип носителя,Тип носія,Mediatype,Media Type,Tipo de mídia,Medientyp,Τύπος πολυμέσων,Mediatype
comparison.config.comparison_type,Méthode de comparaison,Метод сравнения,метод порівняння,vergelijking Methode,Comparison Method,Método de comparação,Vergleichsmethode,Μέθοδος σύγκριση,vergelijking Methode
comparison.config.main,Principale,Основной,головний,Hoofd,Main stream,Stream principal,Main,Κύριος,Hoofd
comparison.config.reference,Référence,Ссылка,посилання,Referentie,Reference stream,Stream de referência,Referenz,Αναφορά,Referentie
comparison.config.comparison_type.psnrAndDelay,PSNR et Delay,PSNR и задержки,PSNR і затримки,PSNR en Delay,PSNR and Delay,PSNR e Delay,PSNR und Verzögerung,PSNR και καθυστέρηση,PSNR en Delay
comparison.config.comparison_type.crossCorrelation,PCM intercorrélation,PCM Cross Корреляция,PCM Cross Кореляція,PCM Cross Correlatie,PCM Cross Correlation,Correlação PCM Cruz,PCM Kreuzkorrelation,PCM Cross Correlation,PCM Cross Correlatie
comparison.config.comparison_type.AVSync,Synchronisation audio-vidéo,Синхронизация аудио-видео,Синхронізація аудіо-відео,Audio-videosynchronisatie,audio-video synchronization,Sincronização de áudio-video,Audio-Video-Synchronisation,Συγχρονισμός ήχου-βίντεο,Audio-videosynchronisatie
comparison.title,*** comparison.config.title,*** comparison.config.title,*** comparison.config.title,*** comparison.config.title,Stream Comparison,Comparação de streams,*** comparison.config.title,*** comparison.config.title,*** comparison.config.title
credits.text,*** text.credits,*** text.credits,*** text.credits,*** text.credits,"We thank the following projects, all of which are used to build LIST",Os seguintes projetos são utilizados para construir o LIST. Obrigado.,*** text.credits,*** text.credits,*** text.credits
credits.title,*** credits.title,*** credits.title,*** credits.title,*** credits.title,Credits,*** credits.title,*** credits.title,*** credits.title,*** credits.title
workflow.st2022_7_analysis.totalNumberOfPackets,Total,Total,Total,Total,Total,Total,Total,Total,Total
workflow.st2022_7_analysis.intersectionSizeInPackets,Overlap,Overlap,Overlap,Overlap,Overlap,Interseção,Overlap,Overlap,Overlap
workflow.st2022_7_analysis.numberOfEqualPackets,Equal,Equal,Equal,Equal,Equal,Iguais,Equal,Equal,Equal
workflow.st2022_7_analysis.numberOfDifferentPackets,Different,Different,Different,Different,Different packets,Pacotes diferentes,Different,Different,Different
workflow.st2022_7_analysis.numberOfMissingPackets,Missing,Missing,Missing,Missing,Missing,Pacotes em falta,Missing,Missing,Missing
workflow.st2022_7_analysis.deltaBetweenPackets,Time delta between packets in both streams,Time delta between packets in both streams,Time delta between packets in both streams,Time delta between packets in both streams,Time delta between packets in both streams,Diferença de tempo entre pacotes em ambos os streams,Time delta between packets in both streams,Time delta between packets in both streams,Time delta between packets in both streams
general.inconsistent,Inconsistent,Inconsistent,Inconsistent,Inconsistent,Inconsistent,Inconsistente,Inconsistent,Inconsistent,Inconsistent
dmngr.name,,,,,Name,Nome,,,
dmngr.availableon,,,,,Available on,Disponível a,,,
dmngr.availableuntil,,,,,Available until,Disponível até,,,
dmngr.download,,,,,Download,Download,,,
ptp.average_offset,Average offset,Average offset,Average offset,Average offset,Average offset,Desvio médio,Average offset,Average offset,Average offset
ptp.clock_type,Clock type,Clock type,Clock type,Clock type,Clock type,Tipo,Clock type,Clock type,Clock type
general.buffer_level,Buffer level,Buffer level,Buffer level,Buffer level,Buffer level,Nível do buffer,Buffer level,Buffer level,Buffer level
gdpr.modal.title,,,,,GPRD,GPRD,,,
gdpr.modal.content,,,,,GDPR,GPRD,,,
settings.gdpr.collectmetrics,,,,,Allow EBU to collect usage metrics,Permitir que a EBU recolha métricas de utilização,,,
navigation.news,,,,,News,Noticias,,,
feedback.yes,,,,,Yes,Sim,,,
feedback.no,,,,,No,Não,,,